{
  "controller_name": "tvlqr_tracking",
  "scenario_name": "attitude_recovery",
  "success": true,
  "terminal_status": "touchdown_success",
  "total_cost": 94808.14271603675,
  "integrated_cost": 91747.06778908939,
  "terminal_cost": 3061.074926947359,
  "failure_penalty": 0.0,
  "fuel_used": 1626.3986114583822,
  "final_mass": 13373.601388541618,
  "max_peak_thrust_fraction": 0.9999999999999998,
  "max_constraint_violation": 0.0,
  "touchdown_errors": {
    "radial_velocity": 0.005902666351171962,
    "along_track_velocity": 0.2245414851764176,
    "attitude_error_deg": 0.00041894356869334764,
    "attitude_rate_error_deg_s": 1.0238488816296767e-06,
    "remaining_mass_margin": 13373.601388541618
  },
  "final_tracking_state": {
    "altitude": -1.4486722648143768e-05,
    "radial_velocity": -0.005902666351171962,
    "attitude_error": -7.3119446537539545e-06,
    "attitude_rate_error": -1.7869534027299545e-08,
    "along_track": 20.164544634073827,
    "along_track_velocity": -0.2245414851764176,
    "mass_error": 4373.601388541618
  }
}