{
  "controller_name": "tvlqr_tracking",
  "scenario_name": "low_fuel",
  "success": false,
  "terminal_status": "fuel_depletion",
  "total_cost": 44581.46768530639,
  "integrated_cost": 42741.46684698631,
  "terminal_cost": 1440.0008383200775,
  "failure_penalty": 400.0,
  "fuel_used": 2250.0,
  "final_mass": 6000.0,
  "max_peak_thrust_fraction": 0.9999999999999998,
  "max_constraint_violation": 0.0,
  "touchdown_errors": {},
  "final_tracking_state": {
    "altitude": 0.07424970413558185,
    "radial_velocity": -0.016174476961794373,
    "attitude_error": -4.056047105294169e-06,
    "attitude_rate_error": 3.101040222751436e-09,
    "along_track": 0.8108298938731808,
    "along_track_velocity": -0.005318310241293034,
    "mass_error": -3000.0
  }
}